{
  "experiment": "Phase 4 / Experiment 1: Static CP under Temporal Distribution Shift",
  "research_question": "RQ1: How does temporal distribution shift affect coverage and efficiency of CP?",
  "model": "XGBoost (Phase 3, route-level)",
  "calibration_method": "Static CalibratedExplainer on W4",
  "calibration_end_date": "2024-08-25",
  "metrics_90": {
    "calibration": {
      "MAE": 329.9320039846601,
      "RMSE": 551.1894607522403,
      "MAPE": 6.662136147158912,
      "PICP": 0.9007299270072993,
      "MPIW": 1528.3115234375,
      "NMPIW": 0.1561094508107763,
      "Calibration_Error": 0.0007299270072992359,
      "CWC": 0.1561094508107763,
      "Winkler_Score": 2826.490284272354,
      "n_samples": 2740,
      "temporal_distance_days": 0,
      "period": "calibration"
    },
    "test_near": {
      "MAE": 901.058778321034,
      "RMSE": 1335.604196169291,
      "MAPE": 18.445259670242432,
      "PICP": 0.6169190986331733,
      "MPIW": 1528.3115234375,
      "NMPIW": 0.13784716545841977,
      "Calibration_Error": 0.28308090136682673,
      "CWC": 193384.570181701,
      "Winkler_Score": 9738.911342771633,
      "n_samples": 2707,
      "temporal_distance_days": 4,
      "period": "test_near"
    },
    "test_mid": {
      "MAE": 914.5044250987751,
      "RMSE": 1316.7772386166878,
      "MAPE": 19.550709430847533,
      "PICP": 0.6028368794326241,
      "MPIW": 1528.3115234375,
      "NMPIW": 0.1770928764122248,
      "Calibration_Error": 0.2971631205673759,
      "CWC": 502361.58204552485,
      "Winkler_Score": 9767.223500686205,
      "n_samples": 1833,
      "temporal_distance_days": 11,
      "period": "test_mid"
    },
    "test_far": {
      "MAE": 889.4486031918913,
      "RMSE": 1305.3848301669013,
      "MAPE": 17.7645682512406,
      "PICP": 0.6070523648648649,
      "MPIW": 1528.3115234375,
      "NMPIW": 0.1477914634404313,
      "Calibration_Error": 0.2929476351351351,
      "CWC": 339567.8851825904,
      "Winkler_Score": 9347.34672051507,
      "n_samples": 4736,
      "temporal_distance_days": 21,
      "period": "test_far"
    }
  },
  "multi_confidence_metrics": {
    "80pct": {
      "calibration": {
        "MAE": 329.9320039846601,
        "RMSE": 551.1894607522403,
        "MAPE": 6.662136147158912,
        "PICP": 0.8007299270072993,
        "MPIW": 906.614501953125,
        "NMPIW": 0.09260617997478295,
        "Calibration_Error": 0.0007299270072992359,
        "CWC": 0.09260617997478295,
        "Winkler_Score": 1983.7431587163549,
        "n_samples": 2740,
        "confidence": 0.8,
        "period": "calibration"
      },
      "test_near": {
        "MAE": 901.058778321034,
        "RMSE": 1335.604196169291,
        "MAPE": 18.445259670242432,
        "PICP": 0.4347986701145179,
        "MPIW": 906.614501953125,
        "NMPIW": 0.08177275204772481,
        "Calibration_Error": 0.36520132988548215,
        "CWC": 6963935.449103498,
        "Winkler_Score": 6442.480573459001,
        "n_samples": 2707,
        "confidence": 0.8,
        "period": "test_near"
      },
      "test_mid": {
        "MAE": 914.5044250987751,
        "RMSE": 1316.7772386166878,
        "MAPE": 19.550709430847533,
        "PICP": 0.41189307146753956,
        "MPIW": 906.614501953125,
        "NMPIW": 0.10505382409653824,
        "Calibration_Error": 0.3881069285324605,
        "CWC": 28122034.716757603,
        "Winkler_Score": 6547.331501546091,
        "n_samples": 1833,
        "confidence": 0.8,
        "period": "test_mid"
      },
      "test_far": {
        "MAE": 889.4486031918913,
        "RMSE": 1305.3848301669013,
        "MAPE": 17.7645682512406,
        "PICP": 0.42588682432432434,
        "MPIW": 906.614501953125,
        "NMPIW": 0.08767184043643023,
        "Calibration_Error": 0.3741131756756757,
        "CWC": 11658012.50773171,
        "Winkler_Score": 6283.672407408018,
        "n_samples": 4736,
        "confidence": 0.8,
        "period": "test_far"
      }
    },
    "90pct": {
      "calibration": {
        "MAE": 329.9320039846601,
        "RMSE": 551.1894607522403,
        "MAPE": 6.662136147158912,
        "PICP": 0.9007299270072993,
        "MPIW": 1528.3115234375,
        "NMPIW": 0.1561094508107763,
        "Calibration_Error": 0.0007299270072992359,
        "CWC": 0.1561094508107763,
        "Winkler_Score": 2826.490284272354,
        "n_samples": 2740,
        "confidence": 0.9,
        "period": "calibration"
      },
      "test_near": {
        "MAE": 901.058778321034,
        "RMSE": 1335.604196169291,
        "MAPE": 18.445259670242432,
        "PICP": 0.6169190986331733,
        "MPIW": 1528.3115234375,
        "NMPIW": 0.13784716545841977,
        "Calibration_Error": 0.28308090136682673,
        "CWC": 193384.570181701,
        "Winkler_Score": 9738.911342771633,
        "n_samples": 2707,
        "confidence": 0.9,
        "period": "test_near"
      },
      "test_mid": {
        "MAE": 914.5044250987751,
        "RMSE": 1316.7772386166878,
        "MAPE": 19.550709430847533,
        "PICP": 0.6028368794326241,
        "MPIW": 1528.3115234375,
        "NMPIW": 0.1770928764122248,
        "Calibration_Error": 0.2971631205673759,
        "CWC": 502361.58204552485,
        "Winkler_Score": 9767.223500686205,
        "n_samples": 1833,
        "confidence": 0.9,
        "period": "test_mid"
      },
      "test_far": {
        "MAE": 889.4486031918913,
        "RMSE": 1305.3848301669013,
        "MAPE": 17.7645682512406,
        "PICP": 0.6070523648648649,
        "MPIW": 1528.3115234375,
        "NMPIW": 0.1477914634404313,
        "Calibration_Error": 0.2929476351351351,
        "CWC": 339567.8851825904,
        "Winkler_Score": 9347.34672051507,
        "n_samples": 4736,
        "confidence": 0.9,
        "period": "test_far"
      }
    },
    "95pct": {
      "calibration": {
        "MAE": 329.9320039846601,
        "RMSE": 551.1894607522403,
        "MAPE": 6.662136147158912,
        "PICP": 0.9510948905109489,
        "MPIW": 2457.96142578125,
        "NMPIW": 0.25106858281728806,
        "Calibration_Error": 0.0010948905109489093,
        "CWC": 0.25106858281728806,
        "Winkler_Score": 3721.818320169935,
        "n_samples": 2740,
        "confidence": 0.95,
        "period": "calibration"
      },
      "test_near": {
        "MAE": 901.058778321034,
        "RMSE": 1335.604196169291,
        "MAPE": 18.445259670242432,
        "PICP": 0.7572958995197636,
        "MPIW": 2457.96142578125,
        "NMPIW": 0.22169761213865338,
        "Calibration_Error": 0.19270410048023634,
        "CWC": 3390.828190762862,
        "Winkler_Score": 13174.467925856276,
        "n_samples": 2707,
        "confidence": 0.95,
        "period": "test_near"
      },
      "test_mid": {
        "MAE": 914.5044250987751,
        "RMSE": 1316.7772386166878,
        "MAPE": 19.550709430847533,
        "PICP": 0.7386797599563557,
        "MPIW": 2457.96142578125,
        "NMPIW": 0.2848159241924971,
        "Calibration_Error": 0.21132024004364425,
        "CWC": 11049.335748162384,
        "Winkler_Score": 12912.001533570725,
        "n_samples": 1833,
        "confidence": 0.95,
        "period": "test_mid"
      },
      "test_far": {
        "MAE": 889.4486031918913,
        "RMSE": 1305.3848301669013,
        "MAPE": 17.7645682512406,
        "PICP": 0.7690033783783784,
        "MPIW": 2457.96142578125,
        "NMPIW": 0.23769088345239822,
        "Calibration_Error": 0.18099662162162156,
        "CWC": 2024.6745013357317,
        "Winkler_Score": 12477.718363581467,
        "n_samples": 4736,
        "confidence": 0.95,
        "period": "test_far"
      }
    }
  }
}