Method,PICP,MPIW (s),Cal. Error,Winkler
Direct Route CP,0.6090987494609745,1528.3115234375,0.2909012505390255,9544.586863949979
Aggregated Sum,0.9921302285467875,4513.80947088643,0.09213022854678743,4577.443348975056
Bonferroni,0.9997843898231996,10755.399502569577,0.09978438982319959,10759.920583651603
