Route,Direction,N Trips,Aggregated Sum PICP,Aggregated Sum MPIW,Bonferroni PICP,Bonferroni MPIW
10,1,1542,0.9546044098573282,3875.1007213491066,1.0,16200.665288856211
10,2,1430,1.0,4137.014677190343,1.0,18126.769662982344
12,1,1416,0.9646892655367232,4038.3148224510537,1.0,17381.37453342288
12,2,1046,1.0,4363.127031670634,1.0,19796.272623694218
46,1,1856,0.978448275862069,4147.638387775204,1.0,18218.97332651834
46,2,1986,1.0,4258.701649324214,1.0,19167.35103931176
ALL,-,9276,0.9827511858559724,4132.084873618946,1.0,18122.294917559633
