Experiment,Method,Overall PICP,Overall MPIW,Cal. Error,Winkler,Key Finding
Exp1,Static CP,0.6090987494609745,1528.3115234375,0.2909012505390254,9544.586863949979,Coverage degrades with temporal distance from calibration (RQ1)
Exp2,Online Expanding,0.746226821905994,2163.8015283582126,0.15377317809400604,7464.967015327694,Growing calibration set stabilizes coverage under drift (RQ2)
Exp2,Online Sliding-7d,0.6547003018542475,1626.317918547992,0.24529969814575248,8728.901480651302,Sliding window adapts fastest to distribution shifts (RQ2)
Exp2,Online Sliding-14d,0.7206770159551531,2018.0930204732813,0.17932298404484692,7843.198118853847,
Exp3,Segment Aggregated,0.9921302285467875,4513.80947088643,0.09213022854678743,4577.443348975056,Aggregated segment intervals preserve route-level coverage (RQ3)
Exp3,Segment Bonferroni,0.9997843898231996,10755.399502569577,0.09978438982319959,10759.920583651603,Bonferroni correction ensures conservative coverage at route level (RQ3)
