Experiment,Method,Overall PICP,Overall MPIW,Cal. Error,Winkler,Key Finding
Exp1,Static CP,0.6090987494609745,1528.3115234375,0.2909012505390254,9544.586863949979,Coverage degrades with temporal distance from calibration (RQ1)
Exp2,Online Expanding,0.746226821905994,2163.8015283582126,0.15377317809400604,7464.967015327694,Growing calibration set stabilizes coverage under drift (RQ2)
Exp2,Online Sliding-7d,0.6547003018542475,1626.317918547992,0.24529969814575248,8728.901480651302,Sliding window adapts fastest to distribution shifts (RQ2)
Exp2,Online Sliding-14d,0.7206770159551531,2018.0930204732813,0.17932298404484692,7843.198118853847,
Exp3,Segment Aggregated,0.9827511858559724,4132.084873618946,0.08275118585597241,4254.45371580246,Aggregated segment intervals preserve route-level coverage (RQ3)
Exp3,Segment Bonferroni,1.0,18122.294917559633,0.09999999999999998,18122.294917559633,Bonferroni correction ensures conservative coverage at route level (RQ3)
