{
  "experiment": "Phase5d_Exp2d_DifficultyEstimator",
  "target_coverage": 0.9,
  "difficulty_estimator": {
    "type": "knn",
    "k": 25,
    "scaler": true,
    "beta": 0.01
  },
  "n_test_samples": 9276,
  "n_cal_samples": 2740,
  "sigma_stats": {
    "cal_mean": 0.3137077777305195,
    "cal_std": 0.23885794756336493,
    "test_mean": 0.32427848646060375,
    "test_std": 0.24292130343224416
  },
  "methods": {
    "Static CP": {
      "MAE": 897.787980685413,
      "RMSE": 1316.5193292452013,
      "MAPE": 18.31616683397642,
      "PICP": 0.6090987494609745,
      "MPIW": 1528.3115234375,
      "NMPIW": 0.1369577492102787,
      "Calibration_Error": 0.2909012505390255,
      "CWC": 284071.20525089814,
      "Winkler_Score": 9544.586863949979,
      "time_seconds": 17.574273109436035
    },
    "Online Expanding": {
      "MAE": 828.604601137491,
      "RMSE": 1233.4614218250695,
      "MAPE": 17.05304614856463,
      "PICP": 0.746226821905994,
      "MPIW": 2163.8015283582126,
      "NMPIW": 0.19390640096408393,
      "Calibration_Error": 0.15377317809400604,
      "CWC": 423.5777499336089,
      "Winkler_Score": 7464.967015327694,
      "time_seconds": 32.21730303764343
    },
    "Online Sliding-7d": {
      "MAE": 853.7392563649219,
      "RMSE": 1269.1923311067912,
      "MAPE": 17.228876976455222,
      "PICP": 0.6547003018542475,
      "MPIW": 1626.317918547992,
      "NMPIW": 0.14574047123828227,
      "Calibration_Error": 0.24529969814575248,
      "CWC": 30917.009722832387,
      "Winkler_Score": 8728.901480651302,
      "time_seconds": 24.161237001419067
    },
    "Mondrian CP": {
      "MAE": 896.8821807769209,
      "RMSE": 1315.0556724873077,
      "MAPE": 18.303237504144914,
      "PICP": 0.5833333333333334,
      "MPIW": 1682.322052330948,
      "NMPIW": 0.15075921250389354,
      "Calibration_Error": 0.31666666666666665,
      "CWC": 1134000.4183360527,
      "Winkler_Score": 9265.06403422222,
      "time_seconds": 18.50324010848999
    },
    "Normalized CP (DE)": {
      "MAE": 897.1221903192788,
      "RMSE": 1315.6786520690239,
      "MAPE": 18.334742279376208,
      "PICP": 0.6065114273393705,
      "MPIW": 2147.2279471157417,
      "NMPIW": 0.1924211799548115,
      "Calibration_Error": 0.29348857266062955,
      "CWC": 454230.65231882024,
      "Winkler_Score": 6968.086896619437,
      "time_seconds": 21.031609058380127
    }
  }
}