{
  "experiment": "Phase5c_Exp2c_Online_Mondrian_CP",
  "target_coverage": 0.9,
  "n_test_samples": 9276,
  "n_cal_samples_initial": 2740,
  "binning_strategy": "time_period \u00d7 route_short_name (15 bins, night fallback)",
  "methods": {
    "Static Global": {
      "MAE": 897.787980685413,
      "RMSE": 1316.5193292452013,
      "MAPE": 18.31616683397642,
      "PICP": 0.6090987494609745,
      "MPIW": 1528.3115234375,
      "NMPIW": 0.1369577492102787,
      "Calibration_Error": 0.2909012505390255,
      "CWC": 284071.20525089814,
      "Winkler_Score": 9544.586863949979,
      "time_seconds": 18.297891855239868
    },
    "Static Mondrian": {
      "MAE": 886.2345638431419,
      "RMSE": 1304.718038270023,
      "MAPE": 18.051570132444343,
      "PICP": 0.5901250539025442,
      "MPIW": 1682.322052330948,
      "NMPIW": 0.15075921250389354,
      "Calibration_Error": 0.3098749460974558,
      "CWC": 807482.0925872825,
      "Winkler_Score": 9026.41140832609,
      "time_seconds": 18.11951518058777
    },
    "Online Global Exp.": {
      "MAE": 828.604601137491,
      "RMSE": 1233.4614218250695,
      "MAPE": 17.05304614856463,
      "PICP": 0.746226821905994,
      "MPIW": 2163.8015283582126,
      "NMPIW": 0.19390640096408393,
      "Calibration_Error": 0.15377317809400604,
      "CWC": 423.5777499336089,
      "Winkler_Score": 7464.967015327694,
      "time_seconds": 33.086363077163696
    },
    "Online Global Slide-7d": {
      "MAE": 853.7392563649219,
      "RMSE": 1269.1923311067912,
      "MAPE": 17.228876976455222,
      "PICP": 0.6547003018542475,
      "MPIW": 1626.317918547992,
      "NMPIW": 0.14574047123828227,
      "Calibration_Error": 0.24529969814575248,
      "CWC": 30917.009722832387,
      "Winkler_Score": 8728.901480651302,
      "time_seconds": 24.263957977294922
    },
    "Online Mondrian Exp.": {
      "MAE": 826.6832243017515,
      "RMSE": 1233.7069495613173,
      "MAPE": 17.02688903621837,
      "PICP": 0.7280077619663649,
      "MPIW": 2263.830646102004,
      "NMPIW": 0.20287038678214928,
      "Calibration_Error": 0.17199223803363517,
      "CWC": 1101.6981811134044,
      "Winkler_Score": 7089.401768561425,
      "time_seconds": 38.60272288322449
    },
    "Online Mondrian Slide-7d": {
      "MAE": 852.3263601917499,
      "RMSE": 1268.6696576221907,
      "MAPE": 17.206880173527235,
      "PICP": 0.6368046571798189,
      "MPIW": 1735.9974352600966,
      "NMPIW": 0.15556926563850673,
      "Calibration_Error": 0.2631953428201811,
      "CWC": 80749.32316806905,
      "Winkler_Score": 8474.379528813857,
      "time_seconds": 30.134117126464844
    },
    "Online Mondrian Slide-14d": {
      "MAE": 842.1617662331934,
      "RMSE": 1254.3631159411536,
      "MAPE": 17.30722270640986,
      "PICP": 0.704398447606727,
      "MPIW": 2113.9731489792625,
      "NMPIW": 0.18944109230031925,
      "Calibration_Error": 0.19560155239327304,
      "CWC": 3349.133799626637,
      "Winkler_Score": 7518.562105758687,
      "time_seconds": 34.48068189620972
    }
  }
}